x_values,y_values,count,word,Cluster,Silhouette
continuous,continuous,continuous,string,C1 C2 C3,continuous
,,,meta,meta,meta
0.82046807,-0.012499515,28.0,tweeting,C3,0.714591280306818
0.37634316,0.003478353,11.0,rise,C3,0.7217481553388425
0.73111004,-0.033749204,18.0,dead,C3,0.7191641915003354
3.9828346,0.020948611,238.0,need,C1,0.6408716033968552
0.37662598,-0.0074088247,13.0,upgrade,C3,0.7224608074271484
0.4271167,-0.040221818,12.0,station,C3,0.722740986491695
3.193548,-0.30603263,200.0,know,C1,0.6515717253081597
3.1021552,-0.18599184,135.0,awesome,C1,0.6637252010363304
0.26043293,0.013959806,13.0,likely,C3,0.7194770698115498
4.019419,-0.15933505,143.0,design,C1,0.657390711850003
2.7026744,-0.10404712,79.0,also,C1,0.6417652019633089
2.097018,-0.11153362,71.0,giving,C1,0.5794210379695279
4.5649724,-0.3645213,388.0,free,C1,0.6089513833477435
1.9270232,-0.10096901,77.0,wait,C1,0.546174272443897
1.1210569,-0.08354992,47.0,sale,C3,0.684007861627549
1.6456244,-0.028374815,55.0,hope,C3,0.5892843876283518
3.8084848,-0.36668912,168.0,year,C1,0.6558993896727665
0.83228153,-0.061614644,32.0,festival,C3,0.7126209936505897
4.0922103,-0.30953568,222.0,great,C1,0.6469559413992267
0.9657178,-0.03619095,36.0,stuff,C3,0.7044011470549816
3.2821126,-0.74373174,185.0,marissa,C1,0.6267128045637977
3.4865944,-0.71453625,211.0,mayer,C1,0.6295729368697563
3.294121,0.09623543,167.0,tech,C1,0.6486387633449002
1.4868015,-0.10369754,38.0,book,C3,0.6377728945494806
1.7683752,-0.1994597,73.0,conference,C1,0.49755514234366377
0.547015,-0.033140186,12.0,matt,C3,0.7224898532858098
4.084291,-0.06275168,226.0,apps,C1,0.645405809919497
1.0250382,-0.04847326,22.0,communication,C3,0.7031418867190018
0.9112232,-0.055109147,20.0,showcased,C3,0.7105276457202923
0.9107816,-0.08614178,29.0,http,C3,0.7080358058946261
1.3765107,-0.07794311,37.0,edchat,C3,0.6593490369715549
1.133316,-0.07123189,33.0,starting,C3,0.6911682830172686
3.1650639,-0.21734275,131.0,around,C1,0.6640553227856469
0.3798915,-0.023447704,14.0,corner,C3,0.72285907765127
3.875,-0.04266789,177.0,good,C1,0.6551766707762543
4.422304,-0.23899443,306.0,time,C1,0.6270522901862998
4.860034,-0.36594573,598.0,android,C1,0.5751072210558069
1.6498094,-0.17254552,63.0,smart,C3,0.5588071231630858
0.21503419,-0.020249285,10.0,simple,C3,0.7188667590631213
1.5687754,-0.060778704,49.0,idea,C3,0.6136979310550903
0.2896925,-0.024697563,12.0,wrote,C3,0.7211202917260884
0.704123,-0.07257653,32.0,hollergram,C3,0.7164838666225569
1.5893188,-0.13455383,51.0,day,C3,0.5985087682989996
0.75758237,0.0023251243,20.0,plus,C3,0.7174797377736171
1.1794078,-0.06981985,30.0,mean,C3,0.6875802941138698
0.3835099,-0.052735876,22.0,stock,C3,0.7216340629352455
0.8827562,0.11216601,44.0,excited,C3,0.6955731677393917
1.9448355,-0.07818192,64.0,meet,C1,0.5282859948830481
4.1876173,-0.27397892,140.0,show,C1,0.6530100100155938
0.058986705,-0.04790395,10.0,galaxy,C3,0.7125275011363
2.6758256,-0.2148768,107.0,still,C1,0.6515602267844844
0.45808277,-0.07006336,18.0,running,C3,0.7217428320739556
1.2678208,-0.021963047,38.0,fail,C3,0.6755367501696659
2.3023114,-0.076387346,89.0,find,C1,0.619576313350189
1.6380975,-0.06005354,49.0,start,C3,0.5969193597552063
4.7511845,-0.32424605,401.0,party,C1,0.6063367413172093
3.6036708,-0.38305902,229.0,come,C1,0.6453479318173736
1.699736,-0.085148185,52.0,foursquare,C3,0.5730227931982104
4.3934846,0.12609361,153.0,game,C1,0.6403630557225961
3.8271277,-0.3669222,146.0,best,C1,0.6562832425586096
2.1558888,-0.09183623,80.0,looking,C1,0.5967814047706009
0.29659492,0.0041637355,18.0,gotta,C3,0.720698661054948
3.1570432,-0.2934194,146.0,love,C1,0.6611940432122096
0.61332786,-0.029586786,20.0,calendar,C3,0.7222795711096638
0.10009267,-0.022775946,10.0,featuring,C3,0.7147449643981417
3.4840248,-0.24469125,122.0,case,C1,0.6627939914564727
4.054464,-0.20828441,266.0,check,C1,0.6381241284950284
0.47077063,-0.0034029318,23.0,haha,C3,0.7224059619422111
0.6976477,-0.050895967,22.0,holler,C3,0.7199102007629277
0.6947958,-0.06531414,22.0,gram,C3,0.7193483341868051
2.232751,-0.2299091,98.0,itunes,C1,0.6184365483249397
4.232746,-0.2365583,1528.0,store,C2,0.5067434975356876
2.6172662,0.074747585,104.0,coming,C1,0.6296178808687815
1.2160975,-0.121341236,44.0,weekend,C3,0.6726453459424059
2.2663703,-0.07498794,78.0,many,C1,0.6085296490897144
3.9373012,-0.49628964,156.0,user,C1,0.6479628247043632
2.6725078,-0.18972942,89.0,hour,C1,0.6467932027811742
0.68895656,-0.007893841,31.0,late,C3,0.7180816303704041
0.29149485,-0.042192075,11.0,sunday,C3,0.7206486461474948
1.0422007,-0.061701775,43.0,morning,C3,0.6947120976430103
0.36187333,-0.009105945,18.0,added,C3,0.7223595073097733
1.0546224,-0.074502684,25.0,flight,C3,0.6996076583349587
4.0440135,-0.25600594,231.0,people,C1,0.646272080338039
0.58512425,-0.04101546,18.0,plane,C3,0.7226164689477078
0.8268651,-0.06961225,21.0,airport,C3,0.7143044110697205
0.31567454,-0.026227588,11.0,downloaded,C3,0.7215021753474129
0.65758365,0.008013768,21.0,done,C3,0.7201875928593982
1.6086525,-0.0873097,50.0,must,C3,0.6004887317300018
1.0036613,-0.015398657,28.0,review,C3,0.7041030179065311
1.9305129,-0.09311797,64.0,sure,C1,0.5262573153535081
2.983376,-0.07427495,105.0,event,C1,0.6566235115193251
1.306629,-0.07069776,42.0,website,C3,0.6668266822173174
2.8287396,-0.009690305,111.0,really,C1,0.6500117575816668
2.0168169,-0.108885914,105.0,photo,C1,0.5890864469183784
2.0747592,-0.12967204,82.0,nice,C1,0.5873186550847347
0.4660552,0.0077350046,18.0,enjoying,C3,0.7224837619495144
0.87487835,-0.07479418,21.0,change,C3,0.7116360861666933
0.96179146,-0.03593116,41.0,gowalla,C3,0.7021960780325841
1.0088129,-0.06578121,32.0,forward,C3,0.7021427063100845
0.85087293,-0.09590157,28.0,seeing,C3,0.7105530606720631
1.465817,0.086253695,59.0,else,C3,0.6254339356701191
0.2391346,-0.024121298,11.0,hoping,C3,0.7197192029910707
1.8421725,-0.12825362,67.0,someone,C1,0.5067879836895337
0.6706216,-0.056955375,25.0,started,C3,0.7199820618470857
2.491411,-0.2233271,112.0,austin,C1,0.6431552633376244
1.5613174,0.0023838128,51.0,group,C3,0.6162145958546243
3.0784097,-0.06693257,152.0,look,C1,0.658959184715789
4.905951,-0.094086334,308.0,like,C1,0.6222896442965682
3.550182,-0.14479734,220.0,going,C1,0.6501464391643639
1.482364,-0.10210789,46.0,rock,C3,0.6318696649177409
2.0186112,-0.055789005,92.0,update,C1,0.5763395406358796
0.36866713,-0.022046011,14.0,push,C3,0.7227189270601908
2.2853765,-0.1385726,89.0,tonight,C1,0.6217363479502215
3.3821468,-0.1714431,121.0,right,C1,0.6639202290069207
2.8161473,-0.25285277,104.0,team,C1,0.6537653764671247
0.39458767,-0.014187735,15.0,leave,C3,0.7229622341611932
1.0379314,-0.053746633,36.0,home,C3,0.6989581711622245
0.64885634,-0.012017906,26.0,register,C3,0.7205070609647701
1.9588598,-0.25808188,118.0,anyone,C1,0.5869095600534163
3.8252742,-0.27603206,177.0,want,C1,0.6577339214557262
1.8273387,-0.16215323,67.0,sell,C1,0.5044725159508623
0.5888697,-0.1253308,36.0,bought,C3,0.7122427977725853
3.2006848,3.2630048,683.0,launch,C2,0.6647130037840812
2.6705678,3.579378,297.0,major,C2,0.6483849385483076
3.7836735,4.3063135,663.0,social,C2,0.6787534157593894
3.4207864,4.2524476,467.0,network,C2,0.6795661769847932
3.1507554,4.0290985,354.0,called,C2,0.6680516980661042
3.717602,4.2062535,587.0,circle,C2,0.6826678829480106
2.338049,3.2956865,237.0,possibly,C2,0.6162957440076426
3.5824661,3.0003145,577.0,today,C2,0.6545585823940993
3.3825767,-0.18644863,168.0,first,C1,0.6620031613232238
3.6711447,-0.4883397,448.0,line,C1,0.592553596467
0.15796773,0.013580839,10.0,spin,C3,0.7162322992201698
1.3431276,0.023630688,38.0,play,C3,0.6647389215573899
0.3231083,-0.027592134,14.0,concept,C3,0.7219627149455174
3.3827362,-0.27589494,150.0,music,C1,0.6629533470131234
1.3163126,-0.06650415,31.0,discovery,C3,0.671375955855722
-0.025839854,0.08341411,10.0,false,C3,0.7055953332071213
0.3837851,0.13495336,17.0,alarm,C3,0.7097299624881283
0.8553798,0.1311018,36.0,probably,C3,0.6980188104937726
1.6670697,-0.15784307,78.0,ever,C1,0.4688022655682083
1.4690968,1.2937418,98.0,circles,C3,0.5356755239840448
0.22145115,-0.033145558,10.0,force,C3,0.7189211042781226
0.49317133,-0.04898581,13.0,print,C3,0.7226415052729809
1.7170285,0.43819386,56.0,medium,C3,0.5705684439422335
2.2404501,-0.20925687,70.0,night,C1,0.6010507705331872
0.08006348,-0.010182918,13.0,putting,C3,0.7141053724813506
0.61898273,-0.03385748,19.0,flash,C3,0.7221938216542911
1.4161005,0.32568836,224.0,downtown,C1,0.5209064125413427
0.95964926,-0.09904428,46.0,hootsuite,C3,0.6963797626472615
3.845598,-0.48110905,350.0,mobile,C1,0.6143284419608868
1.9975824,-0.3140796,98.0,blackberry,C1,0.5800850370299923
2.161079,-0.081454016,81.0,getting,C1,0.5972888232203707
2.378666,-0.12056384,84.0,friend,C1,0.6272902683981934
1.4330504,-0.22110063,75.0,long,C3,0.5891946419141951
3.8871992,-0.11881056,175.0,think,C1,0.6574593806386543
2.3855906,-0.06630193,108.0,take,C1,0.6320642272744531
4.419849,-0.17867574,177.0,make,C1,0.6488304897728469
0.25375047,-0.012151761,12.0,answer,C3,0.7201679198219779
3.5712223,-0.23680499,115.0,using,C1,0.6609139776220061
0.3134309,-0.046281006,25.0,zazzlesxsw,C3,0.7199047688994045
0.7519831,-0.11500297,49.0,mashable,C3,0.7029102611562614
3.406372,-0.13046125,134.0,video,C1,0.6641655582263665
0.088859975,-0.012423679,10.0,gadgets,C3,0.7142879792897447
0.9917438,-0.27044633,69.0,ubersocial,C3,0.6509500942250329
1.2874198,-0.35011983,69.0,includes,C3,0.6016614882411452
1.3721044,-0.28185275,69.0,uberguide,C3,0.5996115783713274
1.3575218,-0.23773552,54.0,sponsored,C3,0.6265786095707248
3.0467563,-0.4644768,255.0,open,C1,0.6293273776299813
1.4883821,-0.005904818,36.0,access,C3,0.6438254067229235
0.061063863,-0.019069573,11.0,waited,C3,0.7132328835318001
2.0136786,-0.050001573,54.0,hand,C1,0.5241696284371872
0.11201441,0.027936533,10.0,hobo,C3,0.713950675523736
1.4149219,0.32729137,256.0,opening,C1,0.5314130798418056
-0.034500625,-0.03384343,13.0,midnight,C3,0.7089447189946481
3.761203,0.007340722,114.0,say,C1,0.6525403591650264
0.6237275,-0.02697851,15.0,publishing,C3,0.7218341171045797
2.23538,0.16644964,72.0,platform,C1,0.5533575145435495
2.2351236,-0.13594009,64.0,help,C1,0.5945224216569726
0.3644196,-0.025629206,12.0,account,C3,0.722447559430922
1.189197,-0.08195914,34.0,musedchat,C3,0.6845443993034004
0.9343104,-0.07180905,31.0,classical,C3,0.707085466052514
0.78297114,-0.037821956,33.0,newtwitter,C3,0.714853834806586
3.473236,-0.39627382,147.0,location,C1,0.6569871516928971
2.0056627,-0.17015816,59.0,based,C1,0.5434921181395985
2.4402788,-0.111087896,74.0,fast,C1,0.6249537592505291
2.2513611,-0.18700516,102.0,future,C1,0.6231901773838368
0.74459064,-0.08949569,45.0,connect,C3,0.7078244817434871
3.0033147,-0.31740424,89.0,digital,C1,0.6486542414876004
1.1274666,-0.21845905,47.0,physical,C3,0.665674154270472
2.3487697,-0.25383162,92.0,world,C1,0.6257381447933744
1.2849141,-0.07619641,39.0,talking,C3,0.671269004368018
1.0675073,-0.05318607,19.0,system,C3,0.6996904414808506
3.8882005,-0.21045987,138.0,tweet,C1,0.6595092030642961
1.137244,-0.14743188,41.0,speak,C3,0.6796879641623389
0.39074224,-0.08386049,23.0,mark,C3,0.7195791588551647
0.36488488,-0.10904891,26.0,belinsky,C3,0.7163805501084588
4.0532694,-0.19238128,159.0,panel,C1,0.6568976953489893
1.8274982,-0.1104144,56.0,stop,C1,0.4768253302733687
1.0805523,-0.026442826,37.0,chance,C3,0.6953671202626741
0.8227623,-0.0117601305,22.0,kawasaki,C3,0.7152580868622337
4.055658,-0.1647131,144.0,talk,C1,0.6567770660585895
0.88203806,-0.06139596,31.0,internet,C3,0.7105334682701295
4.0574565,0.00435655,155.0,search,C1,0.6521464909304011
1.7577009,-0.27646184,95.0,heard,C1,0.5291885662643999
0.95783585,-0.042414423,31.0,pic,C3,0.7066189114249201
2.0848217,-0.059519164,74.0,already,C1,0.5743431380461897
3.5970347,-0.20163819,126.0,would,C1,0.6628111100545362
1.3926554,0.3910037,72.0,interesting,C3,0.6005223016418558
0.67858666,-0.06928704,27.0,actually,C3,0.7187626728719325
-0.14968523,-0.026530549,10.0,insane,C3,0.7037468120326315
0.31369233,-0.031226339,16.0,agree,C3,0.7217340253921983
1.0286484,-0.050040938,29.0,town,C3,0.7020080783068601
0.39803573,-0.035032723,15.0,album,C3,0.7229873242411302
0.4821046,-0.06291364,26.0,wanna,C3,0.7211439721019862
1.2809863,-0.08396161,44.0,drink,C3,0.6680321996846748
1.9234837,0.012611863,66.0,join,C1,0.5064114727070964
0.5781677,-0.081191465,31.0,attending,C3,0.7183090916813419
0.57248753,-0.058828987,33.0,headache,C3,0.7188575723762258
1.9022372,-0.019856181,60.0,flipboard,C1,0.4950691738270751
0.050892573,-0.009174833,11.0,developing,C3,0.7127520376195737
0.889914,-0.105592966,41.0,version,C3,0.702872794730246
1.7109565,-0.09171351,43.0,power,C3,0.5825455022188577
0.7469138,-0.07616053,19.0,value,C3,0.7170808202613265
1.780681,0.34216568,67.0,service,C3,0.555411521007243
0.2884119,-0.018524593,10.0,battle,C3,0.7207712717749645
0.33844835,-0.02398098,18.0,pnid,C3,0.7221524336424696
0.4697453,0.00047203887,15.0,stand,C3,0.7227891373589447
0.83582824,-0.02042609,23.0,blogger,C3,0.7147866900378584
0.7261334,-0.038069542,20.0,shirt,C3,0.7193781099731715
1.269488,-0.13421164,44.0,band,C3,0.6645195291363294
1.2928287,-0.13200793,41.0,food,C3,0.6637226597471134
0.37157068,-0.03002615,14.0,cream,C3,0.722723520845231
2.0590234,-0.1195465,71.0,interactive,C1,0.5724008458480558
3.6085904,-0.6784982,216.0,map,C1,0.6323471375081661
0.59623456,0.20074503,22.0,groupon,C3,0.6991451796709933
1.0604253,0.09035306,39.0,reward,C3,0.689049333345096
0.9584047,0.1705973,29.0,type,C3,0.6893168633145477
3.5159178,0.49518296,171.0,news,C1,0.611110177731202
1.1477805,-0.1002076,42.0,traffic,C3,0.6834300810783434
1.7751012,0.003074133,49.0,site,C3,0.5655271239010586
0.16997643,0.023101214,11.0,doubt,C3,0.7162815279889638
3.3576715,-0.22830462,125.0,last,C1,0.6640970860272756
0.47563502,-0.029352417,14.0,weird,C3,0.7232954988306182
0.6233721,-0.016939638,18.0,name,C3,0.7219643492572236
3.4932315,-0.31799197,127.0,phone,C1,0.6604885342899831
0.5542986,-0.04246527,22.0,droid,C3,0.7226597737460736
0.15866652,-0.021132283,10.0,agnerd,C3,0.7169801567152542
2.5896814,-0.08397486,68.0,laptop,C1,0.6277718046154158
1.6607429,-0.09297955,48.0,follow,C3,0.5890520790741361
1.6341025,1.0723695,108.0,launching,C3,0.5306391919501465
-0.0657301,0.24020219,11.0,denies,C3,0.6904538033193347
0.08905257,0.12712505,11.0,debut,C3,0.7057175961566509
0.7289243,0.08183578,38.0,report,C3,0.7078390347973436
1.9656832,-0.09617914,65.0,post,C1,0.538765756839558
0.60140836,-0.0035321442,18.0,easy,C3,0.7219469263343241
0.67892,0.014653275,27.0,yesterday,C3,0.7184297740377747
0.13587786,-0.011348408,10.0,ridiculous,C3,0.7161162470130824
2.5955925,-0.588748,211.0,popup,C1,0.6187232631539367
0.34422052,-0.043381162,15.0,fan,C3,0.7220106159808953
1.2517666,-0.019512799,28.0,space,C3,0.6812508367153535
1.6917998,-0.11884021,72.0,tomorrow,C3,0.5362834048686311
3.4752297,-0.23683278,128.0,thing,C1,0.6637266514043307
0.63314664,-0.024329502,18.0,earth,C3,0.7218818134136803
0.2150031,-0.014372127,13.0,face,C3,0.7191530546121366
2.376981,-0.121163346,63.0,company,C1,0.6094414767317952
0.74646384,0.025870819,25.0,stay,C3,0.7161035742581225
0.31993133,-0.028043495,10.0,tune,C3,0.7213725720061078
0.1681239,-0.049679298,11.0,showcase,C3,0.7167479974301901
0.51252556,-0.011055495,23.0,ckers,C3,0.7226369721011816
0.9384268,-0.062191036,33.0,thank,C3,0.7066714171453492
0.85143846,-0.077478915,31.0,touchingstories,C3,0.711215173055938
0.21609122,-0.035308227,10.0,preso,C3,0.7187060705732431
3.1084573,-0.20129377,141.0,thanks,C1,0.6634772679118269
1.3535893,-0.08016061,43.0,trying,C3,0.6587342973000199
0.774396,-0.054087404,18.0,contact,C3,0.7171513552955195
4.1295247,-0.09758946,116.0,japan,C1,0.6510120858145501
0.42354178,-0.027148655,12.0,created,C3,0.7229487648780948
1.3974302,-0.14120428,51.0,person,C3,0.6381808947691844
0.16696158,-0.0036088973,11.0,finder,C3,0.7172247004621558
0.3596606,-0.040837776,14.0,mention,C3,0.7223088081008237
0.7910928,-0.026813168,23.0,speech,C3,0.7168542224418796
0.44371653,-0.014823557,14.0,conf,C3,0.7231851219110363
0.6089724,-0.013228788,18.0,sxswh,C3,0.7221449114135154
1.3082333,-0.037783835,44.0,blog,C3,0.6664332190240854
1.8574436,-0.08816859,80.0,doe,C1,0.5279376144046056
1.8912808,-0.114081055,58.0,charger,C1,0.5041037890612159
0.23290414,0.01946961,11.0,changed,C3,0.7183054340978903
0.9235639,-0.059338182,20.0,mind,C3,0.7096451462598448
3.6895032,-0.045571633,151.0,next,C1,0.6591472457878865
1.2286688,-0.02088907,47.0,wonder,C3,0.6744860044225855
0.35404944,-0.033799764,13.0,tip,C3,0.7223330188541375
0.046629623,-0.026055418,12.0,shiny,C3,0.7126287201189736
1.0897857,0.06435843,45.0,nerd,C3,0.6859393916986324
0.63261795,-0.073257424,41.0,cont,C3,0.7136670332507364
0.9060199,0.21102558,52.0,another,C3,0.6771597623942824
0.77739835,-0.08221366,34.0,local,C3,0.712912549239777
1.0443087,-0.08745375,39.0,industry,C3,0.6953247937471438
2.1181686,-0.064140886,68.0,gsdm,C1,0.5743268142846735
1.09122,0.24680403,38.0,buzz,C3,0.6667287764955947
0.6505341,-0.03492599,20.0,gadget,C3,0.7215212802419003
2.291337,0.21458799,83.0,could,C1,0.5628271604980748
1.4516066,-0.105329104,55.0,seen,C3,0.6278388047978479
0.27767828,-0.05008966,24.0,opened,C3,0.7191543861422496
2.2072175,-0.22859158,89.0,ipads,C1,0.6111347637465635
0.06952082,-0.023996826,10.0,sayin,C3,0.7134777501416418
0.9441844,0.12583752,39.0,launched,C3,0.6929008332319816
0.7868195,-0.072519176,31.0,checkins,C3,0.7142508118642945
1.1257745,-0.110170856,31.0,month,C3,0.6894785503969105
-0.13115281,-0.031759635,14.0,bizzy,C3,0.7046085034485933
1.4703408,-0.09388261,55.0,left,C3,0.6251831556520597
0.85182333,-0.073711224,42.0,brain,C3,0.7065381125545084
0.102333814,-0.03729919,15.0,bettersearch,C3,0.7148207148530167
0.79785043,0.012922872,22.0,engine,C3,0.7152945335828301
2.0966158,-0.0462027,52.0,content,C1,0.540971814815772
0.5471135,-0.038836967,14.0,existence,C3,0.7227652670863811
0.5305489,-0.035430897,18.0,saved,C3,0.7232410653620378
0.86982733,-0.029711148,26.0,enchantment,C3,0.7128619057401345
0.7132682,-0.06845608,30.0,award,C3,0.7171478029174556
1.0612407,-0.068422504,33.0,read,C3,0.697658288021975
-0.114487305,-0.018974358,10.0,unboxing,C3,0.7053605727401218
1.2448514,-0.005940664,40.0,thought,C3,0.6770259977662381
0.9315227,-0.0019749883,29.0,earthquake,C3,0.7082399706498094
0.31971434,-0.029312292,13.0,tsunami,C3,0.7218104650951934
1.0416105,-0.059083495,45.0,school,C3,0.6935808009053818
1.7563223,-0.10811503,68.0,marketing,C1,0.47509807717059727
0.77729696,-0.037561364,37.0,expert,C3,0.7133421777476041
0.3154342,0.12006913,25.0,cnet,C3,0.710207704896298
1.481872,0.30366254,265.0,temporary,C1,0.5391486898454425
1.8224547,-0.21949027,103.0,congress,C1,0.5524655767483505
1.4000397,-0.08578368,46.0,happy,C3,0.6484371254534762
1.1964678,-0.04359247,33.0,hipster,C3,0.6857630428431908
1.6465924,-0.1459117,84.0,win,C1,0.4709303114952903
0.3649109,-0.020150268,15.0,support,C3,0.7226992863601259
0.13469754,-0.0059544058,15.0,headed,C3,0.7162392779377637
0.5571677,-0.06422907,22.0,enjoy,C3,0.7217172345977616
0.7395503,-0.05540332,26.0,funny,C3,0.7179666663747115
0.34383017,0.013236307,13.0,matter,C3,0.7211257729226329
0.8318556,-0.11361895,34.0,minute,C3,0.7079838368052552
1.0904657,0.021932455,27.0,point,C3,0.6960935002751476
0.5429139,-0.050359607,22.0,least,C3,0.7224838338766986
3.0833037,0.14060858,100.0,twitter,C1,0.636179380329892
0.3170674,-0.04038659,13.0,devs,C3,0.721500241428618
0.8160943,0.088651635,34.0,maybe,C3,0.7055015577013704
0.62487084,-0.04218874,18.0,together,C3,0.7219426250297467
3.26926,-0.19665974,151.0,cool,C1,0.6640290269495857
0.8284343,-0.09485253,40.0,uxdes,C3,0.7072500696048609
0.2308809,0.005732797,11.0,remember,C3,0.7189161739814676
0.9573242,-0.027952217,24.0,audience,C3,0.7079704099728827
1.8244516,-0.076079875,41.0,experience,C3,0.5550941227402002
0.91554123,-0.011410876,20.0,part,C3,0.7104105202636856
1.1898936,-0.09373429,53.0,waiting,C3,0.6711748960917087
0.38070917,-0.026760513,13.0,mine,C3,0.722769891415748
2.3557518,-0.21078546,113.0,download,C1,0.6342833900830014
2.504501,-0.13187753,72.0,place,C1,0.6286091633057915
0.63653356,-0.023335578,17.0,seo,C3,0.7217440739388945
0.60930794,-0.04571715,22.0,samsung,C3,0.721964839793296
0.16514103,0.0005144271,10.0,sony,C3,0.7169357702155715
0.3194213,-0.014504019,18.0,atx,C3,0.7217161769249855
0.78930765,0.055484727,32.0,south,C3,0.7105483724501052
2.1545787,-0.100049496,62.0,get,C1,0.5769994500404827
0.23913504,-0.023885444,12.0,movie,C3,0.7198367219146785
0.123320706,-0.014174318,10.0,beautiful,C3,0.715665226864332
1.5480462,-0.1152615,43.0,amazing,C3,0.6198156210269112
0.574618,-0.04916511,15.0,focus,C3,0.7222866966571964
0.3792288,0.02678351,18.0,chat,C3,0.7207755158920611
1.2691123,-0.03871527,45.0,share,C3,0.6708729338641461
1.8390573,-0.09296588,49.0,info,C3,0.5338331559851952
1.1475374,-0.05248642,35.0,turn,C3,0.6898174503300618
1.9735389,-0.08523363,49.0,business,C1,0.5072570005571735
1.9683777,-0.13424233,46.0,card,C1,0.5045805334070105
1.3119094,-0.067057036,48.0,sold,C3,0.6616960172561613
0.571477,-0.03860862,19.0,model,C3,0.7228291082979696
0.9841547,-0.027420525,25.0,beta,C3,0.7060828274443702
0.35813066,-0.07553374,14.0,testing,C3,0.7202828646846187
2.572812,-0.12253906,81.0,away,C1,0.6383332641355128
1.0349268,-0.0461521,39.0,wifi,C3,0.6979783111597162
0.46042007,-0.036226355,16.0,black,C3,0.7233491252174634
0.2633844,-0.04097286,11.0,cover,C3,0.7200184571688065
1.0117083,-0.053986534,29.0,house,C3,0.7031645916384958
0.49090624,-0.02428316,20.0,wondering,C3,0.7233116549899623
0.629296,-0.07123523,18.0,worth,C3,0.7205085651788194
1.2815248,-0.03413776,48.0,convention,C3,0.6670152713357979
1.0164102,0.03544447,44.0,center,C3,0.6944479068133493
1.1501555,-0.04553628,33.0,everything,C3,0.6904720025639536
0.7150043,-0.034140285,21.0,except,C3,0.719751272894058
2.1606662,-0.079784594,61.0,white,C1,0.5744616781938088
0.36055598,-0.034317672,11.0,promo,C3,0.7221183984979959
0.5538257,-0.02672777,17.0,suck,C3,0.7230873801168602
0.694303,-0.057410154,22.0,film,C3,0.7197551379063417
0.6210688,-0.07709114,32.0,selling,C3,0.7177839840142689
0.26652637,-0.0016207075,12.0,poursite,C3,0.7202226806855607
0.4346498,0.0037336724,17.0,learning,C3,0.7226305399846391
1.759447,-0.04497352,48.0,life,C3,0.5665013960681903
0.29898578,-0.015824648,12.0,impact,C3,0.7212911031016077
1.0225334,0.04757868,34.0,real,C3,0.6978049837583169
1.2987058,-0.11393341,51.0,guide,C3,0.6571430044116222
0.016081892,-0.04249323,13.0,limited,C3,0.7110270819717828
0.42394283,-0.037852682,23.0,travel,C3,0.7224073339005844
1.0073528,-0.11453013,52.0,heading,C3,0.6873114193876123
0.5575927,0.092903025,35.0,aclu,C3,0.7111491832215254
0.3869635,-0.009661598,14.0,walk,C3,0.7227277625762266
0.100002445,-0.043718748,10.0,short,C3,0.7143224415624463
0.08013222,-0.020230781,10.0,essential,C3,0.7139428289370127
1.3979738,0.042073216,34.0,tool,C3,0.6583424808972147
0.24551739,-0.029929008,13.0,tradeshow,C3,0.7200243370359558
1.5052197,-0.22523184,58.0,demo,C3,0.5960203561321216
0.087435655,-0.030185811,10.0,following,C3,0.7141459544516218
0.11010104,-0.009406776,12.0,realtime,C3,0.7152904684141096
1.1001617,-0.06764688,34.0,listening,C3,0.6940370330606827
0.75245875,-0.05833692,22.0,pick,C3,0.7178830636842056
0.8374273,-0.028263161,29.0,grab,C3,0.7138520847840731
0.4546674,-0.021782793,12.0,quick,C3,0.7230080092650324
0.5874859,-0.03149845,24.0,barry,C3,0.7221592776692638
0.8294594,-0.058200136,36.0,diller,C3,0.7113106128272904
0.29039997,-0.050050437,14.0,lunch,C3,0.7205849002436164
0.6097626,-0.028070543,16.0,hotel,C3,0.7222311232917112
0.29881155,-0.01845085,11.0,seriously,C3,0.7211710082602127
1.1684353,-0.106136754,37.0,lost,C3,0.6834574866979366
0.8984855,-0.10314631,33.0,schedule,C3,0.7061561822108623
2.032979,-0.042350642,69.0,ready,C1,0.5536322688311435
0.07071751,0.14541644,20.0,rumored,C3,0.7032528886346938
0.8214111,-0.03794641,23.0,went,C3,0.715530864908493
0.9681096,-0.031670555,37.0,folk,C3,0.7038203282063408
0.72434056,-0.040520906,22.0,learn,C3,0.7193473818798786
0.7861506,-0.0859406,28.0,security,C3,0.7141375893521849
2.541537,-0.20587665,83.0,work,C1,0.6374928340886408
0.57865834,-0.04175898,20.0,development,C3,0.722643219722686
1.8258116,-0.13129929,61.0,developer,C1,0.4891204244331451
1.5997701,-0.099324204,61.0,winning,C3,0.5854833381681626
0.71844596,-0.0812408,27.0,picture,C3,0.7169411605459882
0.6539994,-0.05375863,17.0,spent,C3,0.7208913345102086
1.5803261,-0.050125286,42.0,used,C3,0.6194379264791103
0.20689695,-0.021986209,11.0,couple,C3,0.7187563705494524
1.013087,-0.10043878,27.0,city,C3,0.7005920684277976
1.3580277,-0.19355044,69.0,block,C3,0.6164572684109542
1.1391456,-0.009779861,29.0,behind,C3,0.6925925924756953
0.6508719,-0.03671517,15.0,email,C3,0.7211794891952958
2.2261236,-0.06716411,68.0,give,C1,0.5926552703573544
0.051074896,0.0105399275,10.0,protip,C3,0.7122776024542687
1.1506737,-0.06141018,32.0,song,C3,0.6902807901418928
0.90871495,-0.21567325,43.0,million,C3,0.6855675712207965
1.3424107,-0.020517834,66.0,available,C3,0.6395003046419974
1.9203932,-0.16595027,76.0,please,C1,0.5477577579618671
0.5403106,-0.046018966,21.0,le,C3,0.7227713513441534
0.14130837,0.025125002,11.0,announce,C3,0.7152249201731415
1.8016964,-0.12438977,70.0,detail,C1,0.49737872004766187
1.1134309,-0.06972019,38.0,giveaway,C3,0.6910316659702767
0.3502338,-0.03532084,12.0,wild,C3,0.7221176099850108
0.5898543,-0.09686205,30.0,queue,C3,0.7172497325562119
0.35603398,0.033270083,22.0,course,C3,0.7195828342893411
0.8068482,-0.06676316,27.0,keynote,C3,0.714779497293314
0.62388885,-0.034272432,19.0,credit,C3,0.7220993835972301
0.38770616,-0.036016855,11.0,click,C3,0.7223892719230987
0.44273004,-0.046383448,16.0,purchase,C3,0.7229901501726623
1.3369468,0.01129464,45.0,texas,C3,0.6614556312452602
0.314189,0.03461688,19.0,southwest,C3,0.719187132104093
0.64655185,-0.033699535,28.0,sweet,C3,0.7202998668881323
0.7847882,-0.06506061,33.0,ballroom,C3,0.7140374476839382
0.46553123,-0.084225446,19.0,mile,C3,0.7206297102238686
0.20689055,-0.0048115314,11.0,driving,C3,0.7185628957271053
1.5022897,-0.18963823,51.0,navigation,C3,0.6107682336605249
0.14276665,-0.008109558,14.0,longer,C3,0.7165949697174643
0.1348683,-0.019656198,10.0,packing,C3,0.7161115963706262
0.42621857,-0.036939204,14.0,extra,C3,0.7230927853126548
0.42580473,-0.017290033,13.0,cross,C3,0.7230575309385954
3.0505345,0.45997274,98.0,facebook,C1,0.5905097516729152
0.73965144,-0.04885449,21.0,step,C3,0.7187039909725754
1.0153785,0.11353511,31.0,strategy,C3,0.692636818574234
2.2637157,-0.18029056,61.0,street,C1,0.594679184252251
0.9145125,-0.04510793,22.0,girl,C3,0.7106053427876423
1.069355,0.004604874,26.0,juice,C3,0.6988167443897265
1.3858402,-0.16285883,50.0,track,C3,0.6381476740722489
0.22495154,-0.03263256,10.0,stage,C3,0.7190365144739026
0.45577386,-0.032912984,19.0,busy,C3,0.7233095305350676
2.7362802,-0.0030189017,104.0,week,C1,0.6450075411855364
0.5426061,-0.038343877,19.0,believe,C3,0.7230938201648249
-0.050668772,-0.019048842,10.0,spreadsheet,C3,0.7082166615240415
1.0085268,-0.009791032,35.0,plan,C3,0.7015805772758531
0.12124355,-0.057049748,14.0,sixth,C3,0.7148643291002312
0.3911204,-0.019351188,11.0,told,C3,0.7225301231004562
0.7511705,-0.05304527,22.0,ride,C3,0.7181329924963644
1.9493803,-0.11844545,59.0,tablet,C1,0.5254668541564865
2.0346417,-0.20152827,67.0,every,C1,0.5627621662807903
0.103293076,-0.011004609,11.0,single,C3,0.7149634571267289
0.48045984,-0.03868544,12.0,response,C3,0.7228338544600318
0.4884975,-0.020067396,21.0,picked,C3,0.7231609917590003
0.45901307,-0.012005935,17.0,mophie,C3,0.7232809354932985
2.3400397,-0.10971228,64.0,battery,C1,0.6061977318510573
0.88367534,-0.09480143,34.0,huge,C3,0.7073403704225079
0.7146653,-0.06361083,23.0,took,C3,0.718795891161241
1.0204945,-0.044836476,32.0,trade,C3,0.7019472369011533
1.3483013,0.7015272,131.0,rumor,C3,0.5461551824597732
0.6176082,0.5383782,41.0,preview,C3,0.6443788215996664
0.2926328,-0.031925745,15.0,biggest,C3,0.7212671904691075
0.3564052,-0.026375256,12.0,history,C3,0.7223367221836147
0.30843323,-0.070924066,11.0,gift,C3,0.7194317624079138
0.5859987,-0.07624289,27.0,retail,C3,0.7197841701951277
1.3908563,-0.045455955,52.0,release,C3,0.6466643956837692
0.106477976,-0.017526153,10.0,groupme,C3,0.7150178616597113
0.6861344,0.094051965,28.0,sound,C3,0.7107901887765309
2.4282691,-0.18504584,68.0,made,C1,0.6195719259337188
1.3869938,-0.03541838,35.0,question,C3,0.6606689341053376
0.34948593,-0.020965792,14.0,inside,C3,0.722438833053364
0.3503773,-0.021951057,14.0,fire,C3,0.722457202264376
0.88885003,-0.07956346,23.0,issue,C3,0.7105344583212359
0.14550492,0.015633857,10.0,instagram,C3,0.7157187567049967
0.8465322,-0.08486783,24.0,catch,C3,0.712241770311683
0.43230045,-0.027670652,19.0,missed,C3,0.7232315032919363
0.49987417,-0.039698984,16.0,lady,C3,0.7232473434571148
0.7744465,-0.028791957,18.0,holding,C3,0.7175432058785512
0.35953122,0.010947244,14.0,beer,C3,0.7215445701600363
2.8167186,-0.14576575,85.0,back,C1,0.649342350956764
1.0180619,-0.068438604,39.0,wish,C3,0.6984948115531758
0.5793724,0.017481808,20.0,stupid,C3,0.7211117145568059
1.3042858,0.012946899,29.0,america,C3,0.6740684257890928
1.1834286,-0.035906166,38.0,sign,C3,0.6851215523729008
0.92267305,-0.08624791,35.0,brilliant,C3,0.7054954152398643
1.4437978,-0.12788436,54.0,presentation,C3,0.6280035764510874
0.6558088,-0.02828261,25.0,sitting,C3,0.7208415316829271
0.95972955,-0.076407984,29.0,lounge,C3,0.7057220947784587
1.4345928,-0.11519093,70.0,others,C3,0.6101791222986879
0.5291683,-0.03866819,15.0,came,C3,0.7230480708200702
1.3645216,-0.06930661,40.0,playing,C3,0.659866016943532
0.42510417,-0.02956121,14.0,random,C3,0.723209143268229
0.80014414,-0.031338856,31.0,genius,C3,0.7149110380811551
0.36876833,-0.058374263,14.0,salon,C3,0.7216179783297233
0.18557397,-0.016313909,10.0,reminder,C3,0.7179101191228672
0.55675226,-0.030040465,16.0,chrome,C3,0.7229980570944001
0.17038004,-0.033248734,15.0,announces,C3,0.7175328175387718
0.32299718,0.010718482,12.0,solution,C3,0.7208348812036707
0.23197514,0.084192805,12.0,announcing,C3,0.7133039714967018
0.22046593,0.010631033,10.0,cause,C3,0.7182825965033423
0.1880433,-0.016923798,13.0,joke,C3,0.7182888813962701
1.6077459,-0.09314801,40.0,camera,C3,0.6118515135919168
0.79325914,0.010219579,26.0,anything,C3,0.7151924354991644
1.4581739,-0.07398423,40.0,found,C3,0.6440317698972551
1.8703663,-0.16529913,76.0,live,C1,0.5336908556173063
0.09168141,-0.005406486,11.0,rsvp,C3,0.7144193013626237
2.1192544,-0.06604612,46.0,screen,C1,0.5376882493119309
0.28939465,-0.021816542,13.0,missing,C3,0.7212156017498503
0.06784589,-0.0069462913,11.0,nut,C3,0.7134517831836928
0.9323022,-0.056887873,28.0,packed,C3,0.7085839158957001
1.3333777,-0.051801115,35.0,built,C3,0.6680139551154733
1.0346016,-0.08124004,78.0,temp,C3,0.6611101834358782
1.7090144,-0.011395233,46.0,something,C3,0.5863942449469209
0.6064198,-0.048725646,20.0,near,C3,0.7220718456392065
2.2669742,-0.026282713,68.0,keep,C1,0.5921220162205962
0.40649554,-0.036950473,20.0,surprise,C3,0.72277057009946
0.041209202,-0.0019615206,15.0,technews,C3,0.712322805702641
1.3922222,-0.023201615,53.0,head,C3,0.6460463952522868
0.706797,-0.08969118,35.0,set,C3,0.7140663443801857
0.7143372,-0.044808358,21.0,example,C3,0.7196347362922118
1.2525367,-0.10650037,36.0,pretty,C3,0.6744767420321655
0.70121646,-0.12773174,29.0,save,C3,0.7122902973353544
0.9372768,0.02794382,39.0,true,C3,0.702795118515922
0.77047443,-0.024910683,27.0,special,C3,0.7170728569502405
0.10547519,-0.014265284,11.0,makeshift,C3,0.7150749003583857
0.28719255,0.034146164,13.0,shit,C3,0.7187821353216398
0.91463256,-0.051516827,23.0,control,C3,0.7104155872372591
0.50646794,-0.08497914,22.0,go,C3,0.720388157029212
1.5896312,-0.09169341,48.0,view,C3,0.6072635666760153
0.15210849,-0.0062214243,16.0,close,C3,0.7168535915027685
0.341511,-0.01604743,12.0,software,C3,0.722066415816669
1.5056887,-0.0013518836,51.0,working,C3,0.6276902459235936
2.506693,-0.0536203,55.0,data,C1,0.606249299363909
1.0394218,-0.061006334,26.0,verizon,C3,0.7013432784275089
0.81715226,-0.041076217,25.0,customer,C3,0.7154928205421416
0.8096133,-0.12637964,42.0,outside,C3,0.7039062891112858
0.26843736,-0.022713576,10.0,price,C3,0.7203225494517407
0.12049377,-0.009280381,10.0,mac,C3,0.7155122598271519
2.6942437,-0.11466416,68.0,much,C1,0.6342599349896855
0.10552799,-0.02527522,14.0,arrived,C3,0.7151727167304849
0.29892042,-0.0117527805,13.0,client,C3,0.7213215833984941
0.2117403,-0.036179543,11.0,spend,C3,0.7186917942406207
0.7301833,-0.12807292,33.0,setting,C3,0.7103364958189917
0.6043755,-0.031186247,22.0,computer,C3,0.7222524156574709
0.41786823,-0.017736452,12.0,hate,C3,0.7228762518913691
0.96190214,-0.098607756,33.0,hilton,C3,0.702809098080702
2.3974621,-0.15938699,58.0,room,C1,0.6063167205878502
2.0021644,-0.23589969,92.0,technology,C1,0.5812686975020476
0.30129778,-0.028066074,14.0,square,C3,0.7215059558855946
0.20321007,-0.0231818,10.0,foot,C3,0.7184890801842704
0.8529102,-0.06155351,30.0,test,C3,0.7122743989493722
0.24503513,-0.03538324,11.0,potential,C3,0.7196991593695015
4.209471,0.18236619,167.0,product,C1,0.6396059503649948
2.868072,-0.43275008,145.0,shop,C1,0.6460999978084574
0.88002706,-0.34697518,48.0,core,C3,0.6598259400539017
1.573232,-0.26839253,67.0,action,C3,0.5614459223354719
2.0077055,-0.05367,70.0,better,C1,0.5509793015907963
-0.093318485,-0.018298233,10.0,agileagency,C3,0.7063099363536632
0.077854395,-0.025215648,10.0,second,C3,0.7138158895015844
2.5863945,-0.040980425,108.0,even,C1,0.6429459199851064
0.18114813,-0.0029906188,10.0,final,C3,0.7175633287158455
1.2970688,0.028822074,35.0,doodle,C3,0.6720321976728965
0.25763202,0.007563151,12.0,googledoodle,C3,0.7196438895073356
1.4797872,0.010475557,46.0,crowd,C3,0.6376095380057802
0.5411886,-0.07900758,30.0,crazy,C3,0.718998013251573
1.0880164,-0.04999945,30.0,deal,C3,0.6969633474334411
0.5178024,-0.009107315,20.0,woman,C3,0.7229706060025616
1.15752,-0.062357638,30.0,macbook,C3,0.6901375401621972
0.7444406,-0.0062937955,33.0,everywhere,C3,0.7157675771182612
1.4613687,-0.1241345,47.0,attendee,C3,0.6325540875302973
3.055798,-0.12394797,85.0,code,C1,0.652431807537715
0.7276145,-0.08531122,16.0,reader,C3,0.7168067476613184
0.67278504,-0.034639586,15.0,image,C3,0.7206321178371458
0.5413059,-0.021509403,24.0,badge,C3,0.7225153854139678
1.1278399,-0.038363695,35.0,march,C3,0.6919702961274208
0.15255262,-0.026520325,11.0,spotted,C3,0.7168384759398814
0.59005123,0.004920651,16.0,yelp,C3,0.7216516351968942
0.5562474,0.0013270798,15.0,lego,C3,0.7222069265370161
1.3352056,0.102412805,55.0,might,C3,0.6486373809761428
0.62586343,-0.09182874,25.0,standing,C3,0.7184448173423377
0.8998635,-0.056163576,24.0,early,C3,0.7110580233294002
0.78177965,-0.059096437,28.0,result,C3,0.7159229522836246
0.20713459,-0.0035565912,11.0,learned,C3,0.718538552209312
0.015761966,0.11109937,10.0,wave,C3,0.7049571125272962
0.5518821,0.03151175,26.0,interrupt,C3,0.7195585127377664
0.6679654,0.08117139,26.0,regularly,C3,0.713063632385193
1.0160624,0.061768174,29.0,scheduled,C3,0.6985014480040443
2.9591491,0.021125877,83.0,geek,C1,0.640776232884623
0.6326728,0.1348865,26.0,programming,C3,0.7072267353135477
0.9459175,-0.021744728,39.0,watch,C3,0.7042086404790239
0.18816318,-0.007125456,15.0,yeah,C3,0.7181856718726989
0.23864755,-0.008709619,12.0,celebrate,C3,0.7196931923249787
1.4052762,-0.10567033,34.0,html,C3,0.6542251349939237
1.3601376,-0.05450327,35.0,microsoft,C3,0.6641126607529995
0.630097,-0.06826513,20.0,enough,C3,0.7207099532296825
0.25334424,-0.03792747,12.0,nexus,C3,0.7199750828774842
1.1762917,-0.07814256,35.0,seems,C3,0.6857523377164569
1.4713634,-0.2022707,49.0,gave,C3,0.6172703422587011
1.2575277,-0.165536,49.0,money,C3,0.657921924858933
1.3253989,-0.1307891,59.0,relief,C3,0.6429543243364281
0.07096393,0.18922444,14.0,networking,C3,0.6989145333920578
0.2925867,-0.013744179,16.0,improve,C3,0.7212619863403146
1.1572754,-0.0882899,35.0,meetup,C3,0.6869937019874649
0.6098421,0.0023447932,21.0,beyond,C3,0.721446440283986
0.808683,0.047240242,24.0,sharing,C3,0.7121794051208705
0.44786066,-0.04525758,22.0,mistake,C3,0.7225965671822453
0.57215667,-0.029741732,18.0,bringing,C3,0.7229126130894905
3.3899865,-0.2067749,115.0,bing,C1,0.662815186952675
0.8198154,-0.056490615,24.0,shot,C3,0.7150991127370496
0.67555416,0.0018115656,19.0,success,C3,0.7201057434719726
1.1840582,-0.09730858,50.0,qagb,C3,0.6741350246547827
0.2796357,-0.015528638,12.0,dashboard,C3,0.7208583537662969
0.05163163,-0.02561683,13.0,hoot,C3,0.7128851422184048
0.6654296,-0.047099676,23.0,buying,C3,0.7207443347482423
0.622728,-0.075102046,19.0,present,C3,0.7203747958767075
0.47745177,-0.03230299,20.0,app,C3,0.7232807418948631
0.21920812,-0.0074643805,11.0,saturday,C3,0.7189964580835086
0.4546418,-0.03809804,16.0,giant,C3,0.7232953735101368
0.33198017,-0.014338188,13.0,lose,C3,0.7220006685524774
0.899067,0.17003769,28.0,living,C3,0.6928102510891272
0.55733925,-0.041914944,22.0,meeting,C3,0.7226499658216335
0.44655585,-0.07453822,19.0,hello,C3,0.7213191817790561
0.40481782,0.0019453194,14.0,dont,C3,0.7224490234406953
0.40808713,-0.005370191,23.0,miss,C3,0.7220735063040828
0.3034999,-0.021061013,10.0,charles,C3,0.7210924750305074
0.4045291,-0.04029521,10.0,chen,C3,0.7221954144934423
2.961476,-0.17462412,103.0,booth,C1,0.6584443866116678
0.55354637,-0.04457132,20.0,exhibit,C3,0.7228133207529097
0.59926665,-0.054163016,23.0,hall,C3,0.7216824459952091
3.4356418,-0.17017363,125.0,session,C1,0.6641374977108423
1.5888021,-0.11996713,39.0,daily,C3,0.6142846512024932
0.42622623,-0.027923055,17.0,hacker,C3,0.7233130674671728
0.87644196,0.16039775,42.0,plenty,C3,0.6907599498651356
0.43101054,-0.026814587,19.0,across,C3,0.7232255413231454
0.84525377,-0.030000739,39.0,hear,C3,0.7096325772340123
0.39750275,-0.02161478,13.0,min,C3,0.7229287587500677
2.382999,-0.2048498,85.0,designing,C1,0.6279946245889734
1.8484728,-0.12881844,59.0,interface,C1,0.49275218990306885
0.6648129,-0.06643528,28.0,schema,C3,0.7189739377941085
0.60581404,-0.060784683,24.0,guess,C3,0.7211337984232197
0.37539235,-0.02085235,15.0,leaving,C3,0.7228417146379847
0.3859751,-0.036742102,16.0,among,C3,0.7228322581042721
1.4096159,-0.073272474,39.0,instead,C3,0.6531533235805473
0.16522229,-0.047578476,14.0,crew,C3,0.716910427102287
0.5709355,0.03056822,18.0,article,C3,0.7203312282299235
0.5504251,-0.02034204,21.0,send,C3,0.7229169319613474
0.6037937,-0.013199249,15.0,hold,C3,0.7220153942228389
0.27667227,0.2631627,18.0,secret,C3,0.6922932318554711
0.6305074,0.10593136,23.0,attend,C3,0.7113721676991027
0.2766287,0.24519327,21.0,later,C3,0.6944968212955642
0.14380312,0.0050478047,11.0,excellent,C3,0.7161680746452128
0.05874885,0.049397863,13.0,lucky,C3,0.7109849293614701
1.4864845,-0.10453883,51.0,building,C3,0.6254927093950613
0.64624965,-0.036830448,22.0,netflix,C3,0.7214678421406644
0.7685459,0.003421088,22.0,league,C3,0.7169600595295211
0.83042693,-0.022427855,22.0,extraordinary,C3,0.7151238398371663
1.6249784,-0.07188358,54.0,tapworthy,C3,0.5922854586431884
0.1776233,-0.02327917,11.0,hiring,C3,0.7177676214236429
1.9781216,-0.0366412,51.0,taking,C1,0.504784440972515
1.0019138,-0.017270627,34.0,lot,C3,0.702598536795613
1.895671,-0.04997085,42.0,call,C3,0.5353047385050287
0.047686864,-0.046700846,12.0,cnn,C3,0.7122391491684013
0.7676527,-0.0072893086,32.0,offer,C3,0.7153861290409149
0.8303304,-0.066049024,31.0,forget,C3,0.7128273170865772
1.2616761,0.024873229,33.0,startup,C3,0.6773020674408239
0.610416,-0.029639488,17.0,button,C3,0.7223036029130415
0.7349123,-0.091286235,53.0,sampler,C3,0.7024997899315045
0.7341089,0.11968454,28.0,killer,C3,0.706312203483595
0.52461916,0.0013579495,19.0,bigger,C3,0.7225992252928659
0.22890155,-0.020903423,11.0,sorry,C3,0.7194349006342685
1.3128657,0.011544368,45.0,guy,C3,0.6647785101910236
0.5728283,-0.01496046,14.0,job,C3,0.7224214775775357
0.24488741,-0.05029612,13.0,hashable,C3,0.7193348800130424
0.7815258,-0.068936974,19.0,anywhere,C3,0.71624292420825
0.39744556,-0.058429167,16.0,groundlink,C3,0.7220512274626893
0.2685913,-0.05244832,11.0,dwnld,C3,0.7196601052608149
0.96545094,-0.09351685,58.0,begin,C3,0.6870267121878778
0.5606933,0.007433018,18.0,past,C3,0.7220010366553608
0.121258356,-0.028620446,13.0,techcrunch,C3,0.7157491431513948
0.74659085,-0.01540549,28.0,gonna,C3,0.7175202458432887
0.6925582,-0.073326096,20.0,charging,C3,0.7189757264493151
2.4735727,-0.13566849,89.0,everyone,C1,0.6371955659549993
1.7001568,-0.14939542,50.0,making,C3,0.5682345829170682
1.6778711,-0.053999897,35.0,brand,C3,0.6039014636580899
0.5309013,0.008198124,14.0,disc,C3,0.7220196751696017
0.5402697,-0.028251866,12.0,popular,C3,0.7225926548234467
0.19065244,-0.023220923,13.0,speakeasy,C3,0.7183750579577921
0.41262907,-0.028437737,13.0,coverage,C3,0.7230358634834908
0.6324368,-0.056690972,27.0,stream,C3,0.7202930831123806
0.76720774,-0.056022484,24.0,spot,C3,0.7172764194956269
1.931853,-0.096060544,62.0,hotpot,C1,0.5233555557708925
0.4193829,-0.023560885,12.0,follower,C3,0.7229322850694356
0.56757087,0.33839253,33.0,socialmedia,C3,0.676968927579022
0.94556206,-0.01710673,26.0,list,C3,0.7083696128782728
0.1377003,-0.020178793,13.0,suggestion,C3,0.7164637202295834
0.9739334,-0.09548046,35.0,friday,C3,0.7015739575588357
1.3503988,-0.05501058,47.0,saving,C3,0.6574441393944435
0.33971885,-0.03442152,15.0,explorer,C3,0.7221968573700561
0.3967137,-0.008653915,14.0,public,C3,0.7227884746573106
1.2912513,-0.09953981,33.0,note,C3,0.6715948979871446
1.4222214,-0.15445244,47.0,front,C3,0.6358564367810993
0.8538174,-0.065926336,29.0,since,C3,0.7122865738860288
0.73009104,-0.047845244,25.0,apparently,C3,0.7186797492302022
0.37300017,-0.058780745,12.0,becoming,C3,0.7214339151753131
1.3529118,-0.13753296,46.0,artist,C3,0.6506405121152989
0.21911706,-0.03061865,11.0,torrent,C3,0.7190501659980593
1.1738435,-0.08935055,30.0,contextual,C3,0.6869098340601368
0.41616428,-0.036186807,13.0,valuable,C3,0.7229414004832823
0.7653292,-0.055041447,18.0,touch,C3,0.717472068898572
0.6771017,-0.06834229,20.0,employee,C3,0.7197014646908599
0.51776,-0.044415664,19.0,prize,C3,0.7230703699703165
0.071938336,0.042337365,13.0,gearing,C3,0.7118874595852533
0.65070134,-0.03660716,19.0,create,C3,0.7215113232650966
0.59311587,-0.06461311,25.0,maggie,C3,0.7208974341712411
0.43648085,0.01974203,19.0,word,C3,0.7216344126102222
1.2144315,-0.101061165,40.0,full,C3,0.6774028339722556
1.4143376,-0.091221996,45.0,tell,C3,0.6464085611336962
0.5365668,-0.026174188,13.0,kindle,C3,0.7228230057139091
0.5297964,-0.04386651,21.0,source,C3,0.7228851172103747
0.85933805,-0.07671568,28.0,window,C3,0.7116265876333311
0.20718044,-0.030595226,12.0,score,C3,0.7187790729531851
0.24039192,-0.020838182,11.0,survival,C3,0.719763549597324
0.9757604,-0.010829544,25.0,ipod,C3,0.706388784607476
1.9396881,-0.124503046,58.0,device,C1,0.5210552484953549
1.2249737,-0.10452375,41.0,feature,C3,0.6752796018414295
0.29174426,0.01200754,11.0,let,C3,0.7200663747659068
0.78611255,-0.04212274,22.0,text,C3,0.7170614356094621
0.54783726,0.14261442,30.0,updated,C3,0.7066773264755972
0.1107344,0.041718487,11.0,happen,C3,0.7132252552124411
1.3197896,-0.077304274,35.0,never,C3,0.6686403042927969
0.81124103,0.026851904,21.0,super,C3,0.7138825782231701
0.7438971,0.07443484,24.0,privacy,C3,0.7119616645655357
0.5461115,-0.041875124,16.0,consumer,C3,0.7229286351880319
1.275663,-0.100879885,41.0,without,C3,0.6693694428993258
1.8979625,-0.0965126,57.0,ranking,C1,0.5018011880082296
0.46220627,-0.024732146,16.0,saying,C3,0.7234523003513068
0.6222931,-0.053166155,15.0,direction,C3,0.7213632361398482
0.27363244,-0.06234385,15.0,walked,C3,0.7195219344478851
0.27409664,-0.038936563,14.0,connected,C3,0.7206230566178404
0.39439824,-0.039487354,20.0,latest,C3,0.7225703500222554
1.4100932,-0.09398644,32.0,page,C3,0.6555354151198165
0.5912905,-0.012949783,21.0,tattoo,C3,0.7223132517389942
1.3288435,-0.08893152,39.0,bring,C3,0.6643996965832084
0.69968027,-0.04174704,26.0,magazine,C3,0.7195102746921936
0.37618846,-0.03587421,13.0,half,C3,0.7225854654206888
1.3278239,-0.068658225,37.0,dude,C3,0.6670345615063935
0.6630457,0.034806002,24.0,recommendation,C3,0.7179379944329867
0.759102,-0.0896223,28.0,nothing,C3,0.7148024491954055
0.1733656,0.023078311,13.0,officially,C3,0.7165266377508672
0.5090428,0.016309626,13.0,invite,C3,0.7215842631196501
0.37414625,-0.037654694,12.0,gone,C3,0.7223823165141752
0.9960832,0.16423178,33.0,soon,C3,0.6868446254351861
1.3800614,-0.025421107,37.0,story,C3,0.6607642920925924
0.2853699,-0.02062585,12.0,logo,C3,0.7210282250234339
0.5929862,-0.08425148,23.0,little,C3,0.719833898148714
1.1114134,-0.042289168,26.0,charge,C3,0.6958326011423674
0.35438898,-0.03348316,12.0,donating,C3,0.7222194736457874
0.3694947,-0.03159809,13.0,spending,C3,0.7225877643105658
0.60842997,0.040775336,21.0,released,C3,0.7188374836853302
0.060172714,0.13751073,12.0,hmmm,C3,0.7039878658306788
0.38934696,-0.015488786,15.0,glad,C3,0.7229351179676277
0.29635257,-0.012699873,12.0,feeling,C3,0.7211883961585502
0.32678807,-0.029333616,16.0,totally,C3,0.7220289230332444
0.60219985,-0.039855268,16.0,light,C3,0.7222598415863328
1.106858,0.05780035,40.0,showing,C3,0.6877526936572711
0.39777276,-0.009760063,14.0,moment,C3,0.7228289693877028
0.48097885,-0.024381228,16.0,small,C3,0.7234483452314509
0.40939507,-0.00018866641,16.0,startupbus,C3,0.7226640681053804
0.17723131,-0.0031165385,16.0,door,C3,0.7176850201338955
0.851942,-0.00864236,28.0,interview,C3,0.7130169623150234
0.462613,-0.036718708,13.0,disaster,C3,0.7230700616749446
0.116164,-0.013627682,12.0,staring,C3,0.7155698462315632
0.8611849,0.023449728,36.0,able,C3,0.7084920220613493
0.24082834,0.113382146,16.0,afford,C3,0.7106116384602568
0.4214815,0.1221438,19.0,consider,C3,0.7113634616530573
0.58903193,-0.032312404,16.0,therapy,C3,0.7225686127527585
0.86330444,-0.12651446,41.0,route,C3,0.702043061530063
0.9116935,-0.09937556,30.0,choice,C3,0.706646314929094
0.14901456,0.033144087,11.0,trend,C3,0.7150355355426331
0.37022802,0.02407381,15.0,interested,C3,0.720899672338329
1.1462094,-0.043657374,40.0,feel,C3,0.687765871903931
0.05602458,-0.027862715,13.0,hanging,C3,0.7130519663778486
0.4316454,-0.052667953,11.0,community,C3,0.7220823824658449
0.27733493,-0.04728162,11.0,forgot,C3,0.7201179396691246
0.7114134,-0.027704619,20.0,fight,C3,0.7198763284901991
0.63966995,-0.05548932,19.0,owner,C3,0.7212278980638723
0.9030964,-0.0055201207,21.0,cloud,C3,0.710964812844298
0.42428902,-0.030353857,14.0,friendly,C3,0.7231974403023227
0.66241777,-0.050282367,16.0,podcast,C3,0.7207139247738008
0.8933034,-0.093870364,32.0,walking,C3,0.7075893240267638
0.69730973,-0.048362285,24.0,almost,C3,0.719781987126197
1.0132929,-0.07437557,25.0,always,C3,0.702779382712905
0.17815256,0.0104171485,12.0,usguys,C3,0.7172340790359376
0.35774586,-0.054616693,22.0,jealous,C3,0.7211374903863091
0.29361504,-0.02790407,13.0,posterous,C3,0.7212791669804561
0.31427166,-0.014903891,11.0,explanation,C3,0.7214338935092527
0.40319163,-0.06783419,17.0,coffee,C3,0.7215139247328406
0.47785696,-0.019156883,14.0,care,C3,0.7232561354667448
0.49330682,0.04777808,20.0,peep,C3,0.7193962816883285
0.35915408,0.010172042,14.0,though,C3,0.721582049873323
1.3571448,-0.045395523,32.0,analytics,C3,0.666210319689568
0.0714557,0.096473634,11.0,googlecircles,C3,0.707955358189228
0.070059635,0.016468335,13.0,dancing,C3,0.7130388038969738
0.65381163,-0.053800337,16.0,augmented,C3,0.7207921302605186
0.8467225,-0.05378666,19.0,reality,C3,0.7140005809965507
0.82505924,-0.04808816,19.0,browser,C3,0.7152055121205495
-0.01230657,-0.04563448,13.0,lightbox,C3,0.7096938689905468
0.42431423,0.045122962,16.0,announced,C3,0.7196829155567123
0.3665945,-0.051770557,12.0,expected,C3,0.7217338963743006
0.17388248,0.02988462,11.0,signal,C3,0.7160204816928454
0.27470306,-0.021459624,11.0,listen,C3,0.7206461310730259
0.13337654,0.012049766,11.0,helping,C3,0.7155416042459957
1.5093809,-0.016409017,48.0,valid,C3,0.6297741081908267
1.4341445,-0.04198131,48.0,infektd,C3,0.6432014046084249
0.08199463,0.0020359969,13.0,necro,C3,0.7139751677379995
0.5607131,-0.023368647,14.0,concert,C3,0.7227079484478232
0.6927883,-0.06732288,22.0,hard,C3,0.7192859163812608
0.2620161,0.007009493,11.0,announcement,C3,0.7196590649431545
0.53340036,-0.05224605,16.0,whole,C3,0.7226562101610504
0.24638061,-0.005450054,15.0,reason,C3,0.7199408922516513
0.4209348,-0.029313734,14.0,finding,C3,0.7231886440096483
0.9282411,-0.10022885,25.0,information,C3,0.7064869704594414
2.1210625,-0.15672165,70.0,well,C1,0.5843261939933146
0.28603628,-0.017965293,15.0,loving,C3,0.7211822732540505
0.5632386,-0.0986882,27.0,move,C3,0.7180889453813999
0.6802278,-0.04289805,17.0,player,C3,0.7205533276438867
1.0165576,-0.050692037,31.0,newsapps,C3,0.7024078560413265
0.5739202,-0.051170275,12.0,doc,C3,0.7216992927811736
0.48816478,-0.025190905,15.0,table,C3,0.7233756871357093
0.2925395,-0.032693475,13.0,three,C3,0.7211790057475156
0.5832425,-0.24048102,38.0,usage,C3,0.6951370654739804
0.0004926793,-0.004564266,11.0,zomb,C3,0.7104918990961256
0.7446213,-0.045356,30.0,official,C3,0.7170949876203221
0.26449454,0.018200884,11.0,paper,C3,0.7191486106397433
0.7125632,-0.01326564,17.0,different,C3,0.7194756608921832
0.14370528,0.11517423,12.0,themed,C3,0.7083022088530062
0.107822806,0.10405955,11.0,costume,C3,0.7083632279326628
0.047813594,-0.026844885,11.0,impressive,C3,0.7126115684867886
0.46753377,-0.020335484,22.0,finally,C3,0.7229752750856581
0.7577112,-0.020047972,18.0,high,C3,0.7181126089118908
0.53699243,-0.048305813,13.0,founder,C3,0.7224176141929728
1.0924745,-0.10664505,34.0,market,C3,0.6918437362937345
0.22478575,-0.021146696,12.0,accessibility,C3,0.7194233302203499
-0.011705769,0.096608035,11.0,circus,C3,0.7052214680419969
0.28540507,-0.002531527,11.0,grape,C3,0.7205574653025413
0.6683081,-0.037163682,26.0,congrats,C3,0.7203403868729362
0.0164042,-0.06071858,11.0,andoid,C3,0.7103484537917708
0.6330097,0.090766475,25.0,important,C3,0.7128740911915792
0.5387134,-0.034353178,14.0,japanese,C3,0.7229198372799126
0.32153904,-0.0069053643,14.0,quake,C3,0.7217113290803026
0.3993084,-0.019691736,13.0,unofficial,C3,0.7229282810485101
0.3251994,0.024716312,14.0,expect,C3,0.7201930747369525
0.2540747,-0.015087212,15.0,exclusive,C3,0.7203340312611983
0.67949075,-0.025399156,18.0,floor,C3,0.7207529965322431
0.21665114,0.00082431943,15.0,sxflip,C3,0.7188915492232575
0.38240305,-0.0005726895,15.0,tried,C3,0.7224183174082809
0.425037,-0.030518807,14.0,brought,C3,0.7231994799582578
0.8922968,-0.010264593,30.0,including,C3,0.7105135303830304
0.4270252,-0.039325643,13.0,drop,C3,0.7229213055189231
0.24515119,-0.015336927,11.0,downloading,C3,0.7198631995186919
0.6318433,-0.032441583,19.0,favorite,C3,0.7219526801604502
0.33265767,-0.05020298,12.0,indie,C3,0.721282048038868
0.358596,-0.031070726,15.0,survive,C3,0.7225688715592515
0.027152566,-0.05494486,11.0,custom,C3,0.7110283732205216
0.22687633,-0.039932694,11.0,feed,C3,0.7190417483563276
0.22447085,-0.026376095,11.0,beard,C3,0.7192740460932004
0.31116655,-0.012171356,12.0,order,C3,0.7214761656201981
0.5811742,-0.058677245,27.0,enter,C3,0.720848749975606
0.36305282,-0.008524053,13.0,insight,C3,0.7223327491419316
0.12832092,-0.015035212,15.0,zlf,C3,0.7160939519132832
0.9986686,-0.03534715,25.0,pack,C3,0.7050668263396007
0.42373076,-0.0099142585,15.0,original,C3,0.7230689137219312
0.40361828,-0.03837768,14.0,welcome,C3,0.7228983026356199
0.7918815,-0.07133706,12.0,keyboard,C3,0.7147049946071964
0.6756373,-0.06953253,20.0,drive,C3,0.7196628876605805
0.9069269,-0.103247985,34.0,said,C3,0.7053382840623985
0.62499636,-0.03557646,14.0,steve,C3,0.7216159049830573
0.20614785,-0.027235454,11.0,smackdown,C3,0.7186922976319465
0.4925785,-0.024776466,12.0,robot,C3,0.722941256156763
0.4307311,-0.05057243,13.0,title,C3,0.7225145581400495
0.21328712,-0.0024122328,12.0,latitude,C3,0.7187964779033624
0.25728667,-0.028780818,11.0,competitor,C3,0.7201607988629983
0.5288483,-0.028260455,19.0,asked,C3,0.7232754389776737
0.58995444,0.0027578075,20.0,mike,C3,0.7218078610695774
0.3440787,-0.039274458,12.0,water,C3,0.7219124697472128
0.6712515,-0.084135115,31.0,boomer,C3,0.7167883577485451
0.11801348,-0.0141287,11.0,classiest,C3,0.7155701815464517
0.475925,-0.0033668263,16.0,fascist,C3,0.7229949589526002
0.2319564,-0.023795184,12.0,worry,C3,0.7196296146908797
0.20133424,-0.023765363,13.0,kick,C3,0.7187324887707894
0.23702964,-0.018565878,13.0,envy,C3,0.7198499946306052
0.55940056,-0.07113522,18.0,challenge,C3,0.7214504483728266
0.3505959,-0.003421492,18.0,killing,C3,0.722016418599355
0.29649168,-0.032263797,17.0,lonely,C3,0.721272572946601
0.2604635,-0.025356332,15.0,planet,C3,0.720529801332987
0.5107332,0.009549869,16.0,kind,C3,0.7222617924848522
0.32738,-0.056860905,15.0,dear,C3,0.7210606922241806
0.21439868,-0.05295738,15.0,pearl,C3,0.7183409679250741
0.5772182,-0.019361863,13.0,happens,C3,0.7222697560365626
0.2666558,-0.005414505,11.0,leanstartup,C3,0.7202194557727063
0.065862186,0.007110713,18.0,confirmed,C3,0.7129992785841658
0.07197791,-0.012145922,11.0,novelty,C3,0.7136799645026571
0.18490845,-0.019063167,12.0,fade,C3,0.718128214451639
0.7349389,-0.014048314,19.0,reading,C3,0.718865731821597
0.16430564,-0.03619325,12.0,hosted,C3,0.7171713351057412
0.13646413,-0.025010772,11.0,advice,C3,0.7162544971405105
1.030129,-0.1053039,40.0,featured,C3,0.6944139918056916
0.3487566,-0.027303433,11.0,ton,C3,0.7220516521433197
0.62771034,-0.049123544,20.0,useful,C3,0.7216990379105437
0.76640564,-0.053935517,16.0,blue,C3,0.7172533231459117
0.46932474,-0.03712437,15.0,double,C3,0.7232862365588987
0.27457562,-0.039229106,12.0,signing,C3,0.7204855455546877
0.86745363,-0.045267753,26.0,visit,C3,0.7128716496655102
0.3229566,-0.03795896,13.0,art,C3,0.7216921074362921
0.3359578,-0.05911848,16.0,thinking,C3,0.72110056598813
0.20392448,-0.034385175,12.0,handle,C3,0.7185906949343907
0.4908357,-0.04472396,24.0,watching,C3,0.7224015095775771
0.6806794,-0.11139291,36.0,checking,C3,0.7122927468563374
0.40998152,-0.032802943,12.0,kill,C3,0.7228170856677091
0.4661177,-0.027426718,12.0,wearing,C3,0.7230128111571477
0.24948509,-0.019258453,12.0,smartphone,C3,0.720127606713992
0.39280462,-0.081896216,13.0,discovr,C3,0.7201245225903534
0.4964938,0.011650032,15.0,chris,C3,0.7221494698785447
0.29553175,0.07444973,15.0,swarm,C3,0.7155493814063404
0.5522791,-0.049043696,17.0,crowley,C3,0.7227031374394972
0.105141215,0.0009670595,11.0,ireport,C3,0.7148258155136773
0.3697264,-0.038256425,11.0,taco,C3,0.7221389032071058
0.40165544,-0.030163167,12.0,youtube,C3,0.7227939324614967
0.5356665,-0.040866163,14.0,personalized,C3,0.7228238167697321
0.634935,-0.058872517,16.0,heart,C3,0.7209783013905183
0.24821262,-0.017086253,11.0,kinda,C3,0.7199615141509579
0.16375187,-0.013387059,13.0,contest,C3,0.7174115352573813
0.23737597,-0.031095317,14.0,appears,C3,0.7198027984370644
0.48234296,-0.066257745,28.0,marissagoogle,C3,0.7204043810124501
0.4413072,-0.029556666,12.0,style,C3,0.7229893582021625
0.64943516,-0.04634908,20.0,online,C3,0.7213444587935157
0.20486802,-0.030957153,12.0,baby,C3,0.7186967666575335
0.6392653,-0.022762334,14.0,bank,C3,0.7213047254037022
0.44061732,-0.013162031,13.0,recap,C3,0.7230252734025936
0.78371745,-0.038862504,27.0,project,C3,0.7165781058239231
0.12671392,-0.0452453,13.0,guard,C3,0.7155388356800606
0.038152855,0.13864407,12.0,possible,C3,0.7032744928934465
0.84748435,-0.044225335,19.0,trip,C3,0.7142057861525264
0.05168895,-0.036812276,13.0,lustre,C3,0.712711318201444
0.021583945,0.1649825,11.0,rumour,C3,0.7002539345964485
0.4781079,-0.04978294,12.0,native,C3,0.7224698158144213
0.59902644,-0.04484205,18.0,heat,C3,0.7223207200087195
0.37760857,-0.02243803,12.0,side,C3,0.7226022409177503
0.28908813,-0.030070053,11.0,driver,C3,0.7209107196645239
0.23537314,-0.023346419,11.0,scene,C3,0.7196170458273088
0.12364836,-0.001436792,13.0,yourmom,C3,0.7157222952227321
0.58692694,-0.046839036,15.0,us,C3,0.7221995027574819
0.34918666,-0.021559088,13.0,texting,C3,0.7223577754701718
0.50620335,-0.024428671,11.0,voice,C3,0.7226516907749456
0.57620716,-0.011951199,12.0,adoption,C3,0.7219407439433009
0.5277344,0.012562064,14.0,conversation,C3,0.7218023908612349
0.3563944,-0.024944562,11.0,roll,C3,0.7221712244559484
0.49137276,-0.02326725,12.0,john,C3,0.722940636213296
0.5034411,-0.028874543,13.0,entry,C3,0.7230632507120031
0.17010736,0.0132014975,11.0,photography,C3,0.716766327911451
0.13412367,-0.027611924,14.0,streaming,C3,0.7162826138340083
0.68339956,-0.027028017,20.0,tyson,C3,0.7206951953111513
0.20407599,-0.03866854,13.0,bavcid,C3,0.718540847864804
0.31659937,-0.009463475,13.0,josh,C3,0.721623335603523
0.2205001,-0.026862679,13.0,pass,C3,0.7193234205107194
0.1059403,0.07364864,11.0,hearing,C3,0.7108490841323232
0.10162421,-0.034064397,11.0,sticker,C3,0.714747057342787
